name,formula,n_atoms,smiles,charge,level,homo_ev,lumo_ev,gap_ev,ip_ev,ea_ev,electronegativity_ev,hardness_ev,softness_inv_ev,chemical_potential_ev,electrophilicity_ev,delta_n,back_donation_ev,metal,phi_metal_ev,tnc,form,phase,score
quercetin,C15H10O7,32,O=c1c(O)c(-c2ccc(O)c(O)c2)oc2cc(O)cc(O)c12,0,"B3LYP/6-311++G(d,p) (ddCOSMO:water)",-6.134204552528362,-2.051836844687218,4.082367707841144,6.134204552528362,2.051836844687218,4.09302069860779,2.041183853920572,0.4899117725624106,-4.09302069860779,4.103701488490146,0.1780778590806202,-0.510295963480143,Fe(110),4.82,-4.7136,neutral,aqueous,0.995
isorhamnetin,C16H12O7,35,COc1cc(-c2oc3cc(O)cc(O)c3c(=O)c2O)ccc1O,0,"B3LYP/6-311++G(d,p) (ddCOSMO:water)",-6.0088156529894645,-1.90983843551594,4.098977217473524,6.0088156529894645,1.90983843551594,3.9593270442527024,2.049488608736762,0.4879265958039978,-3.9593270442527024,3.8244346849561617,0.2099726126991719,-0.5123721521841905,Fe(110),4.82,-5.5249,neutral,aqueous,0.373
kaempferol,C15H10O6,31,O=c1c(O)c(-c2ccc(O)cc2)oc2cc(O)cc(O)c12,0,"B3LYP/6-311++G(d,p) (ddCOSMO:water)",-6.19258530483249,-2.046899107622288,4.1456861972102015,6.19258530483249,2.046899107622288,4.119742206227389,2.0728430986051007,0.4824291817711336,-4.119742206227389,4.093960574534716,0.1689123972392899,-0.5182107746512752,Fe(110),4.82,-4.4224,neutral,aqueous,-1.368
